[
	{
		"name": "Gravedigger",
		"uniqueTo": "The Undead",
		"unitType": "Civilian",
		"movement": 2,
		"obsoleteTech": "Agriculture",
		"uniques": ["Founds a new city",
			"Unbuildable"]
	},
	{
		"name": "Undead Warrior",
		"unitType": "Sword",
		"uniqueTo": "The Undead",
		"replaces": "Settler",
		"movement": 2,
		"strength": 8,
		"upgradesTo": "Swordsman",
		"obsoleteTech": "Metal Casting",
		"uniques" : ["May upgrade to [Spearman] through ruins-like effects", "Unbuildable"],
		"attackSound": "nonmetalhit"
	},
	{
		"name": "Ghost",
		"uniqueTo": "The Undead",
		"replaces": "Scout",
		"unitType": "Scout",
		"strength": 4,
		"movement": 3,
		"cost": 25,
		"uniques": ["All tiles cost 1 movement",
			"Ignores Zone of Control",
			"May enter foreign tiles without open borders",
			"Can pass through impassable tiles",
			"Invisible to non-adjacent units",
			"Can see invisible [Land] units",
			"May travel on Water tiles without embarking",
			"[+1] Sight",
			"May withdraw before melee ([100]%)",
			"Cannot attack"]
	},
	{
		"name": "Black Death",
		"uniqueTo": "The Undead",
		"replaces": "Knight",
		"unitType": "Mounted",
		"movement": 5,
		"strength": 16,
		"cost": 80,
		"requiredTech": "Chivalry",
		"obsoleteTech": "Military Science",
		"upgradesTo": "Cavalry",
		"requiredResource": "Horses",
		"uniques": ["Can move after attacking",
			"No defensive terrain bonus"],
		"promotions": ["Sickening Plague","Rejuvenation"],
		"attackSound": "horse"
	},
	{
		"name": "Bone Dragon",
		"unitType": "Helicopter",
		"replaces": "Helicopter Gunship",
		"uniqueTo": "The Undead",
		"movement": 6,
		"strength": 55,
		"cost": 475,
		"requiredTech": "Computers",
		"requiredResource": "Aluminum",
		"uniques": ["[+100]% Strength <vs [Armored] units>",
			"No defensive terrain bonus",
			"Can move after attacking",
			"All tiles cost 1 movement",
			"Ignores Zone of Control"],
		"attackSound": "gdrAttack"
	},
	{
		"name": "Angel of Death",
		"uniqueTo": "The Undead",
		"replaces": "Stealth Bomber",
		"unitType": "Bomber",
		"movement": 2,
		"strength": 100,
		"rangedStrength": 100,
		"range": 20,
		"cost": 450,
		"requiredTech": "Stealth",
		"requiredResource": "Uranium",
		"uniques": ["Damage taken from interception reduced by [100]%",
			"Cannot be carried by [Carrier] units",
			"[+4] Sight", "Can see over obstacles"],
		"attackSound": "bombing"
	},
	{
		"name": "Arms Merchant",
		"uniqueTo": "The Undead",
		"replaces": "Great Merchant",
		"unitType": "Civilian",
		"uniques": ["Empire enters a [6]-turn Golden Age <by consuming this unit>",
			"[+15]% Strength bonus for [Military] units within [2] tiles",
			"Can instantly construct a [Customs house] improvement <by consuming this unit>",
			"Great Person - [Gold]",
			"Unbuildable",
			"Uncapturable"],
		"movement": 2
	},
	{
		"name": "Necromancer",
		"uniqueTo":"The Undead",
		"replaces": "Great Artist",
		"unitType": "Civilian",
		"uniques": ["Empire enters a [6]-turn Golden Age <by consuming this unit>",
			"Can instantly construct a [Abyss] improvement <by consuming this unit>",
			"Great Person - [Culture]",
			"Unbuildable",
			"Uncapturable"],
		"movement": 2
	},
	{
		"name": "Lich King",
		"unitType": "Civilian",
		"uniqueTo": "The Undead",
		"replaces": "Great General",
		"uniques": ["Ignores terrain cost",
			"Empire enters a [6]-turn Golden Age <by consuming this unit>",
			"All adjacent units heal [+5] HP when healing",
			"[+5] HP when healing",
			"[+15]% Strength bonus for [Military] units within [2] tiles",
			"Can instantly construct a [Citadel] improvement <by consuming this unit>",
			"Can be earned through combat",
			"Great Person - [War]",
			"Unbuildable",
			"Uncapturable"],
		"movement": 3
	}
]